<manifest alg="2" build="5" opt="false" iceEnabled="true">
  <folder name="css">
    <file name="site_global.css" crc="3983832653"/>
    <file name="master_a-master.css" crc="18898535" ref="index:page2:page3"/>
    <file name="index.css" crc="83682911" ref="index"/>
    <file name="page2.css" crc="4143484308" ref="page2"/>
    <file name="untitled-5.css" crc="119195318" ref="untitled-5"/>
    <file name="page3.css" crc="419452031" ref="page3"/>
  </folder>
  <folder name="scripts">
    <file name="jquery-1.8.3.min.js" crc="209076791" ref="index:page2:page3:untitled-5"/>
    <file name="museutils.js" crc="4291592202" ref="index:page2:page3:untitled-5"/>
    <file name="pie.js" crc="3827607177" ref="index:page2:page3"/>
    <file name="webpro.js" crc="3903299128" ref="index:page2:page3"/>
    <file name="musewpslideshow.js" crc="138381373" ref="index:page2:page3"/>
    <file name="jquery.museoverlay.js" crc="4250894771" ref="index:page2:page3"/>
    <file name="touchswipe.js" crc="4156838003" ref="index:page2:page3"/>
    <file name="jquery.musepolyfill.bgsize.js" crc="291134478" ref="index:page2:page3"/>
    <file name="jquery.watch.js" crc="4068933136" ref="index:page2:page3:untitled-5"/>
  </folder>
  <folder name="images">
    <file name="m1_math-u737-fr.png" crc="385310258" ref="index"/>
    <file name="m1_graph.jpg" crc="3799543277" ref="index"/>
    <file name="m2_graph.jpg" crc="4212835156" ref="index"/>
    <file name="m3_graph.jpg" crc="289935252" ref="index"/>
    <file name="m1_graph-u545-fr.jpg" crc="364450954" ref="index"/>
    <file name="m2_math-u801-fr.png" crc="284620586" ref="page2"/>
    <file name="m2_graph-u547-fr.jpg" crc="3964573365" ref="page2"/>
    <file name="m3_math-u820-fr.png" crc="4227408623" ref="page3"/>
    <file name="m3_graph-u546-fr.jpg" crc="412155867" ref="page3"/>
  </folder>
  <file name="index.html" crc="3842374172" mt="1397699946586" redirect="true"/>
  <file name="page2.html" crc="161649878" mt="1397699977396" redirect="true"/>
  <file name="page3.html" crc="193524654" mt="1397699993019" redirect="true"/>
  <file name="untitled-5.html" crc="4169168884" mt="1397699450798" redirect="false"/>
</manifest>